,striker,total_runs,no_of_innings,runs_off_bat,no_of_bowls,extras,boundary4_flg,boundary6_flg,batting_average,strike_rate,boundary_4_chance,boundary_6_chance
0,A Ashish Reddy,288,23,280,196,8,16,15,12.521739130434783,142.85714285714286,0.08163265306122448,0.07653061224489796
1,A Chandila,4,2,4,7,0,0,0,2.0,57.142857142857146,0.0,0.0
2,A Chopra,58,6,53,75,5,7,0,9.666666666666666,70.66666666666667,0.09333333333333334,0.0
3,A Choudhary,25,3,25,20,0,1,1,8.333333333333334,125.0,0.05,0.05
4,A Dananjaya,4,1,4,5,0,0,0,4.0,80.0,0.0,0.0
5,A Flintoff,72,3,62,57,10,5,2,24.0,108.7719298245614,0.08771929824561403,0.03508771929824561
6,A Kumble,42,15,35,49,7,3,0,2.8,71.42857142857143,0.061224489795918366,0.0
7,A Mishra,402,54,362,410,40,29,5,7.444444444444445,88.29268292682927,0.07073170731707316,0.012195121951219513
8,A Mithun,37,6,34,26,3,4,1,6.166666666666667,130.76923076923077,0.15384615384615385,0.038461538461538464
9,A Mukund,20,2,19,23,1,1,0,10.0,82.6086956521739,0.043478260869565216,0.0
10,A Nehra,49,17,41,63,8,3,1,2.8823529411764706,65.07936507936508,0.047619047619047616,0.015873015873015872
11,A Nortje,7,3,7,6,0,0,0,2.3333333333333335,116.66666666666667,0.0,0.0
12,A Singh,3,5,2,10,1,0,0,0.6,20.0,0.0,0.0
13,A Symonds,1028,36,974,781,54,74,41,28.555555555555557,124.71190781049935,0.09475032010243278,0.052496798975672214
14,A Uniyal,4,2,4,7,0,0,0,2.0,57.142857142857146,0.0,0.0
15,A Zampa,5,2,5,8,0,1,0,2.5,62.5,0.125,0.0
16,AA Bilakhia,78,7,69,88,9,5,0,11.142857142857142,78.4090909090909,0.056818181818181816,0.0
17,AA Chavan,12,3,12,11,0,2,0,4.0,109.0909090909091,0.18181818181818182,0.0
18,AA Jhunjhunwala,235,15,217,218,18,19,5,15.666666666666666,99.54128440366972,0.0871559633027523,0.022935779816513763
19,AA Noffke,11,1,9,12,2,1,0,11.0,75.0,0.08333333333333333,0.0
20,AB Agarkar,193,18,179,160,14,13,5,10.722222222222221,111.875,0.08125,0.03125
21,AB Barath,44,3,42,43,2,5,1,14.666666666666666,97.67441860465117,0.11627906976744186,0.023255813953488372
22,AB Dinda,30,16,26,50,4,2,0,1.875,52.0,0.04,0.0
23,AB McDonald,130,9,123,103,7,9,4,14.444444444444445,119.41747572815534,0.08737864077669903,0.038834951456310676
24,AB de Villiers,5242,163,5072,3392,170,407,247,32.15950920245399,149.52830188679246,0.11998820754716981,0.07281839622641509
25,AC Blizzard,126,7,120,91,6,21,2,18.0,131.86813186813185,0.23076923076923078,0.02197802197802198
26,AC Gilchrist,2215,80,2069,1555,146,239,92,27.6875,133.05466237942122,0.1536977491961415,0.059163987138263666
27,AC Thomas,20,4,20,19,0,1,1,5.0,105.26315789473684,0.05263157894736842,0.05263157894736842
28,AC Voges,190,7,181,143,9,15,3,27.142857142857142,126.57342657342657,0.1048951048951049,0.02097902097902098
29,AD Hales,152,6,148,119,4,13,6,25.333333333333332,124.36974789915966,0.1092436974789916,0.05042016806722689
30,AD Mascarenhas,81,11,79,79,2,5,1,7.363636363636363,100.0,0.06329113924050633,0.012658227848101266
31,AD Mathews,765,41,724,599,41,44,29,18.658536585365855,120.86811352253756,0.07345575959933222,0.048414023372287146
32,AD Nath,91,10,90,99,1,7,2,9.1,90.9090909090909,0.0707070707070707,0.020202020202020204
33,AD Russell,1740,68,1639,970,101,116,138,25.58823529411765,168.96907216494844,0.11958762886597939,0.1422680412371134
34,AF Milne,7,3,7,12,0,0,0,2.3333333333333335,58.333333333333336,0.0,0.0
35,AG Murtaza,10,3,10,14,0,1,0,3.3333333333333335,71.42857142857143,0.07142857142857142,0.0
36,AG Paunikar,56,5,49,61,7,9,0,11.2,80.32786885245902,0.14754098360655737,0.0
37,AJ Finch,2144,86,2006,1626,138,204,75,24.930232558139537,123.37023370233702,0.12546125461254612,0.046125461254612546
38,AJ Turner,4,4,3,11,1,0,0,1.0,27.272727272727273,0.0,0.0
39,AJ Tye,104,13,91,79,13,6,5,8.0,115.18987341772151,0.0759493670886076,0.06329113924050633
40,AL Menaria,416,23,401,367,15,24,18,18.08695652173913,109.26430517711172,0.0653950953678474,0.04904632152588556
41,AM Nayar,722,50,672,588,50,55,20,14.44,114.28571428571429,0.0935374149659864,0.034013605442176874
42,AM Rahane,4114,141,3941,3334,173,417,76,29.177304964539008,118.20635872825434,0.1250749850029994,0.022795440911817635
43,AN Ahmed,38,6,36,27,2,4,1,6.333333333333333,133.33333333333334,0.14814814814814814,0.037037037037037035
44,AN Ghosh,7,2,7,8,0,1,0,3.5,87.5,0.125,0.0
45,AP Dole,35,2,34,23,1,3,1,17.5,147.82608695652175,0.13043478260869565,0.043478260869565216
46,AP Majumdar,90,4,87,77,3,7,2,22.5,112.98701298701299,0.09090909090909091,0.025974025974025976
47,AP Tare,365,27,339,285,26,40,11,13.518518518518519,118.94736842105263,0.14035087719298245,0.03859649122807018
48,AR Bawne,12,1,12,12,0,1,0,12.0,100.0,0.08333333333333333,0.0
49,AR Patel,962,71,913,745,49,53,43,13.549295774647888,122.5503355704698,0.07114093959731543,0.05771812080536913
50,AS Joseph,15,1,15,13,0,2,0,15.0,115.38461538461539,0.15384615384615385,0.0
51,AS Rajpoot,27,7,26,41,1,2,1,3.857142857142857,63.41463414634146,0.04878048780487805,0.024390243902439025
52,AS Raut,204,16,194,172,10,13,7,12.75,112.79069767441861,0.0755813953488372,0.040697674418604654
53,AS Yadav,52,6,49,40,3,5,2,8.666666666666666,122.5,0.125,0.05
54,AT Carey,34,3,32,29,2,0,1,11.333333333333334,110.34482758620689,0.0,0.034482758620689655
55,AT Rayudu,3869,153,3723,3013,146,310,138,25.287581699346404,123.56455360106206,0.10288748755393295,0.04580152671755725
56,AUK Pathan,42,7,39,26,3,5,2,6.0,150.0,0.19230769230769232,0.07692307692307693
57,Abdul Samad,141,11,139,86,2,9,8,12.818181818181818,161.62790697674419,0.10465116279069768,0.09302325581395349
58,Abdur Razzak,0,1,0,2,0,0,0,0.0,0.0,0.0,0.0
59,Abhishek Sharma,163,15,150,115,13,10,8,10.866666666666667,130.43478260869566,0.08695652173913043,0.06956521739130435
60,Anirudh Singh,66,4,63,69,3,6,1,16.5,91.30434782608695,0.08695652173913043,0.014492753623188406
61,Ankit Sharma,89,10,87,69,2,7,4,8.9,126.08695652173913,0.10144927536231885,0.057971014492753624
62,Ankit Soni,9,3,7,9,2,0,1,3.0,77.77777777777777,0.0,0.1111111111111111
63,Anureet Singh,40,8,36,47,4,2,1,5.0,76.59574468085107,0.0425531914893617,0.02127659574468085
64,Arshdeep Singh,6,3,2,6,4,0,0,2.0,33.333333333333336,0.0,0.0
65,Avesh Khan,4,1,4,3,0,1,0,4.0,133.33333333333334,0.3333333333333333,0.0
66,Azhar Mahmood,409,21,388,311,21,39,13,19.476190476190474,124.7588424437299,0.12540192926045016,0.04180064308681672
67,B Akhil,80,11,76,57,4,5,5,7.2727272727272725,133.33333333333334,0.08771929824561403,0.08771929824561403
68,B Chipli,292,21,280,256,12,28,7,13.904761904761905,109.375,0.109375,0.02734375
69,B Kumar,199,44,186,203,13,17,3,4.5227272727272725,91.6256157635468,0.08374384236453201,0.014778325123152709
70,B Laughlin,5,4,5,13,0,0,0,1.25,38.46153846153846,0.0,0.0
71,B Lee,133,19,124,102,9,8,8,7.0,121.56862745098039,0.0784313725490196,0.0784313725490196
72,B Stanlake,5,1,5,2,0,1,0,5.0,250.0,0.5,0.0
73,B Sumanth,36,4,35,38,1,3,0,9.0,92.10526315789474,0.07894736842105263,0.0
74,BA Bhatt,6,2,6,7,0,0,1,3.0,85.71428571428571,0.0,0.14285714285714285
75,BA Stokes,951,41,920,703,31,79,32,23.195121951219512,130.86770981507823,0.112375533428165,0.04551920341394026
76,BAW Mendis,3,3,3,6,0,0,0,1.0,50.0,0.0,0.0
77,BB McCullum,3103,111,2882,2272,221,293,130,27.954954954954953,126.84859154929578,0.1289612676056338,0.05721830985915493
78,BB Samantray,132,8,125,116,7,13,2,16.5,107.75862068965517,0.11206896551724138,0.017241379310344827
79,BB Sran,12,7,10,14,2,0,0,1.7142857142857142,71.42857142857143,0.0,0.0
80,BCJ Cutting,251,17,238,146,13,15,19,14.764705882352942,163.013698630137,0.10273972602739725,0.13013698630136986
81,BE Hendricks,1,2,1,3,0,0,0,0.5,33.333333333333336,0.0,0.0
82,BJ Haddin,18,1,18,11,0,2,1,18.0,163.63636363636363,0.18181818181818182,0.09090909090909091
83,BJ Hodge,1477,63,1400,1153,77,122,43,23.444444444444443,121.42237640936686,0.10581092801387684,0.0372940156114484
84,BJ Rohrer,205,9,193,146,12,21,5,22.77777777777778,132.1917808219178,0.14383561643835616,0.03424657534246575
85,BMAJ Mendis,23,3,23,27,0,0,0,7.666666666666667,85.18518518518519,0.0,0.0
86,BR Dunk,44,3,40,36,4,7,0,14.666666666666666,111.11111111111111,0.19444444444444445,0.0
87,Basil Thampi,36,7,32,37,4,1,1,5.142857142857143,86.48648648648648,0.02702702702702703,0.02702702702702703
88,Bipul Sharma,190,17,187,124,3,11,9,11.176470588235293,150.80645161290323,0.08870967741935484,0.07258064516129033
89,C Madan,22,1,15,21,7,3,0,22.0,71.42857142857143,0.14285714285714285,0.0
90,C Munro,185,11,177,144,8,19,8,16.818181818181817,122.91666666666667,0.13194444444444445,0.05555555555555555
91,C Nanda,0,1,0,1,0,0,0,0.0,0.0,0.0,0.0
92,C Sakariya,0,1,0,1,0,0,0,0.0,0.0,0.0,0.0
93,C de Grandhomme,317,21,303,229,14,18,18,15.095238095238095,132.31441048034935,0.07860262008733625,0.07860262008733625
94,CA Ingram,214,15,205,183,9,22,5,14.266666666666667,112.02185792349727,0.12021857923497267,0.0273224043715847
95,CA Lynn,1384,42,1329,974,55,132,66,32.95238095238095,136.4476386036961,0.13552361396303902,0.06776180698151951
96,CA Pujara,421,22,390,403,31,50,4,19.136363636363637,96.7741935483871,0.12406947890818859,0.009925558312655087
97,CH Gayle,5259,141,4923,3460,336,400,356,37.297872340425535,142.28323699421966,0.11560693641618497,0.10289017341040463
98,CH Morris,622,46,599,394,23,39,35,13.521739130434783,152.03045685279187,0.09898477157360407,0.08883248730964467
99,CJ Anderson,559,29,538,436,21,40,31,19.275862068965516,123.39449541284404,0.09174311926605505,0.07110091743119266
100,CJ Ferguson,101,8,98,119,3,9,0,12.625,82.3529411764706,0.07563025210084033,0.0
101,CJ Jordan,66,7,62,56,4,3,3,9.428571428571429,110.71428571428571,0.05357142857142857,0.05357142857142857
102,CJ McKay,8,1,8,15,0,0,0,8.0,53.333333333333336,0.0,0.0
103,CK Kapugedera,19,3,16,24,3,0,0,6.333333333333333,66.66666666666667,0.0,0.0
104,CK Langeveldt,8,2,8,9,0,0,1,4.0,88.88888888888889,0.0,0.1111111111111111
105,CL White,1000,46,971,774,29,76,38,21.73913043478261,125.45219638242894,0.09819121447028424,0.04909560723514212
106,CM Gautam,199,13,169,158,30,17,6,15.307692307692308,106.9620253164557,0.10759493670886076,0.0379746835443038
107,CR Brathwaite,198,14,181,120,17,10,16,14.142857142857142,150.83333333333334,0.08333333333333333,0.13333333333333333
108,CR Woakes,78,12,78,77,0,7,2,6.5,101.2987012987013,0.09090909090909091,0.025974025974025976
109,CRD Fernando,4,2,4,3,0,0,0,2.0,133.33333333333334,0.0,0.0
110,CV Varun,15,5,12,20,3,0,0,3.0,60.0,0.0,0.0
111,D Kalyankrishna,4,1,3,8,1,0,0,4.0,37.5,0.0,0.0
112,D Padikkal,704,20,661,527,43,73,16,35.2,125.426944971537,0.13851992409867173,0.030360531309297913
113,D Salunkhe,33,3,33,24,0,5,0,11.0,137.5,0.20833333333333334,0.0
114,D Wiese,136,8,127,94,9,12,4,17.0,135.10638297872342,0.1276595744680851,0.0425531914893617
115,D du Preez,10,1,10,13,0,0,0,10.0,76.92307692307692,0.0,0.0
116,DA Miller,2049,82,1938,1450,111,136,89,24.98780487804878,133.6551724137931,0.09379310344827586,0.06137931034482759
117,DA Warner,5728,151,5449,4006,279,525,201,37.93377483443709,136.02096854717922,0.1310534198701947,0.05017473789316026
118,DAJ Bracewell,12,1,12,9,0,1,0,12.0,133.33333333333334,0.1111111111111111,0.0
119,DB Das,321,22,304,267,17,23,16,14.590909090909092,113.85767790262172,0.08614232209737828,0.0599250936329588
120,DB Ravi Teja,401,25,375,325,26,35,9,16.04,115.38461538461539,0.1076923076923077,0.027692307692307693
121,DE Bollinger,24,4,21,23,3,1,1,6.0,91.30434782608695,0.043478260869565216,0.043478260869565216
122,DH Yagnik,187,17,170,142,17,23,2,11.0,119.71830985915493,0.1619718309859155,0.014084507042253521
123,DJ Bravo,1600,102,1510,1209,90,118,62,15.686274509803921,124.89660876757651,0.09760132340777503,0.05128205128205128
124,DJ Harris,119,4,111,103,8,11,5,29.75,107.76699029126213,0.10679611650485436,0.04854368932038835
125,DJ Hooda,768,56,736,578,32,39,37,13.714285714285714,127.33564013840831,0.06747404844290658,0.06401384083044982
126,DJ Hussey,1384,61,1322,1101,62,90,60,22.688524590163933,120.07266121707539,0.08174386920980926,0.05449591280653951
127,DJ Jacobs,102,7,92,101,10,10,4,14.571428571428571,91.08910891089108,0.09900990099009901,0.039603960396039604
128,DJ Muthuswami,1,1,1,3,0,0,0,1.0,33.333333333333336,0.0,0.0
129,DJ Thornely,53,4,39,54,14,2,2,13.25,72.22222222222223,0.037037037037037035,0.037037037037037035
130,DJG Sammy,317,20,295,251,22,15,18,15.85,117.52988047808765,0.05976095617529881,0.07171314741035857
131,DJM Short,123,7,115,102,8,11,5,17.571428571428573,112.74509803921569,0.10784313725490197,0.049019607843137254
132,DL Chahar,84,10,78,58,6,2,6,8.4,134.48275862068965,0.034482758620689655,0.10344827586206896
133,DL Vettori,141,16,121,118,20,11,2,8.8125,102.54237288135593,0.09322033898305085,0.01694915254237288
134,DM Bravo,6,1,6,5,0,1,0,6.0,120.0,0.2,0.0
135,DNT Zoysa,13,2,11,9,2,1,0,6.5,122.22222222222223,0.1111111111111111,0.0
136,DP Nannes,4,2,4,13,0,0,0,2.0,30.76923076923077,0.0,0.0
137,DP Vijaykumar,1,1,1,1,0,0,0,1.0,100.0,0.0,0.0
138,DPMD Jayawardene,1929,79,1808,1522,121,200,40,24.417721518987342,118.79106438896189,0.1314060446780552,0.026281208935611037
139,DR Martyn,21,1,19,26,2,1,0,21.0,73.07692307692308,0.038461538461538464,0.0
140,DR Sams,3,2,3,4,0,0,0,1.5,75.0,0.0,0.0
141,DR Shorey,16,2,13,20,3,0,1,8.0,65.0,0.0,0.05
142,DR Smith,2515,88,2385,1803,130,245,117,28.579545454545453,132.27953410981698,0.13588463671658346,0.064891846921797
143,DS Kulkarni,111,20,104,113,7,7,2,5.55,92.03539823008849,0.061946902654867256,0.017699115044247787
144,DS Lehmann,20,2,18,19,2,3,0,10.0,94.73684210526316,0.15789473684210525,0.0
145,DT Christian,470,37,449,392,21,22,19,12.702702702702704,114.54081632653062,0.05612244897959184,0.04846938775510204
146,DT Patil,13,2,13,13,0,1,0,6.5,100.0,0.07692307692307693,0.0
147,DW Steyn,179,33,167,163,12,14,3,5.424242424242424,102.45398773006134,0.08588957055214724,0.018404907975460124
148,E Lewis,464,16,430,343,34,36,26,29.0,125.36443148688046,0.10495626822157435,0.07580174927113703
149,EJG Morgan,1445,65,1365,1121,80,111,62,22.23076923076923,121.76628010704728,0.09901873327386262,0.05530776092774309
150,ER Dwivedi,29,2,24,15,5,2,2,14.5,160.0,0.13333333333333333,0.13333333333333333
151,F Behardien,14,3,14,13,0,2,0,4.666666666666667,107.6923076923077,0.15384615384615385,0.0
152,F du Plessis,2667,83,2572,2024,95,233,82,32.13253012048193,127.07509881422925,0.11511857707509882,0.040513833992094864
153,FA Allen,7,1,6,11,1,0,0,7.0,54.54545454545455,0.0,0.0
154,FH Edwards,4,2,4,5,0,0,0,2.0,80.0,0.0,0.0
155,FY Fazal,207,11,183,179,24,22,1,18.818181818181817,102.23463687150839,0.12290502793296089,0.00558659217877095
156,G Gambhir,4479,151,4217,3524,262,492,59,29.662251655629138,119.66515323496027,0.13961407491486946,0.01674233825198638
157,GB Hogg,22,4,22,22,0,1,0,5.5,100.0,0.045454545454545456,0.0
158,GC Smith,800,29,739,691,61,94,9,27.586206896551722,106.94645441389291,0.13603473227206947,0.013024602026049204
159,GC Viljoen,6,3,3,7,3,0,0,2.0,42.857142857142854,0.0,0.0
160,GD McGrath,4,2,4,5,0,1,0,2.0,80.0,0.2,0.0
161,GH Vihari,303,23,284,331,19,23,1,13.173913043478262,85.80060422960725,0.06948640483383686,0.0030211480362537764
162,GJ Bailey,692,36,663,552,29,59,19,19.22222222222222,120.1086956521739,0.1068840579710145,0.034420289855072464
163,GJ Maxwell,1830,84,1729,1175,101,140,101,21.785714285714285,147.14893617021278,0.11914893617021277,0.08595744680851064
164,GR Napier,15,1,15,16,0,1,0,15.0,93.75,0.0625,0.0
165,Gurkeerat Singh,541,32,511,436,30,55,11,16.90625,117.20183486238533,0.12614678899082568,0.02522935779816514
166,H Das,2,1,2,5,0,0,0,2.0,40.0,0.0,0.0
167,H Klaasen,68,6,66,58,2,5,1,11.333333333333334,113.79310344827586,0.08620689655172414,0.017241379310344827
168,HF Gurney,1,1,1,5,0,0,0,1.0,20.0,0.0,0.0
169,HH Gibbs,955,36,886,837,69,83,31,26.52777777777778,105.8542413381123,0.0991636798088411,0.037037037037037035
170,HH Pandya,1493,82,1394,942,99,91,94,18.20731707317073,147.98301486199574,0.09660297239915075,0.09978768577494693
171,HM Amla,600,16,577,418,23,60,21,37.5,138.03827751196172,0.14354066985645933,0.050239234449760764
172,HV Patel,140,19,132,111,8,5,9,7.368421052631579,118.91891891891892,0.04504504504504504,0.08108108108108109
173,Harbhajan Singh,895,88,833,636,62,79,42,10.170454545454545,130.9748427672956,0.12421383647798742,0.0660377358490566
174,Harmeet Singh,18,4,18,12,0,3,0,4.5,150.0,0.25,0.0
175,Harpreet Brar,22,1,20,14,2,2,1,22.0,142.85714285714286,0.14285714285714285,0.07142857142857142
176,Harpreet Singh,20,3,20,26,0,0,0,6.666666666666667,76.92307692307692,0.0,0.0
177,I Malhotra,7,1,7,4,0,1,0,7.0,175.0,0.25,0.0
178,I Sharma,58,18,55,62,3,4,2,3.2222222222222223,88.70967741935483,0.06451612903225806,0.03225806451612903
179,I Udana,15,4,15,11,0,1,1,3.75,136.36363636363637,0.09090909090909091,0.09090909090909091
180,IC Pandey,0,1,0,2,0,0,0,0.0,0.0,0.0,0.0
181,IK Pathan,1250,83,1150,985,100,88,38,15.060240963855422,116.751269035533,0.08934010152284264,0.03857868020304569
182,IR Jaggi,84,7,76,100,8,6,0,12.0,76.0,0.06,0.0
183,IS Sodhi,10,2,7,18,3,0,0,5.0,38.888888888888886,0.0,0.0
184,Imran Tahir,34,8,33,37,1,5,0,4.25,89.1891891891892,0.13513513513513514,0.0
185,Iqbal Abdulla,97,13,88,86,9,9,1,7.461538461538462,102.32558139534883,0.10465116279069768,0.011627906976744186
186,Ishan Kishan,1329,51,1284,996,45,103,66,26.058823529411764,128.9156626506024,0.10341365461847389,0.06626506024096386
187,J Arunkumar,25,3,23,24,2,5,0,8.333333333333334,95.83333333333333,0.20833333333333334,0.0
188,J Botha,424,28,409,364,15,39,5,15.142857142857142,112.36263736263736,0.10714285714285714,0.013736263736263736
189,J Suchith,73,7,68,54,5,6,3,10.428571428571429,125.92592592592592,0.1111111111111111,0.05555555555555555
190,J Syed Mohammad,30,5,29,27,1,4,0,6.0,107.4074074074074,0.14814814814814814,0.0
191,J Theron,11,4,10,13,1,1,0,2.75,76.92307692307692,0.07692307692307693,0.0
192,J Yadav,31,3,29,34,2,1,0,10.333333333333334,85.29411764705883,0.029411764705882353,0.0
193,JA Morkel,1026,68,975,712,51,61,55,15.088235294117647,136.93820224719101,0.08567415730337079,0.07724719101123595
194,JA Richardson,16,2,15,25,1,2,0,8.0,60.0,0.08,0.0
195,JC Archer,205,21,195,128,10,11,14,9.761904761904763,152.34375,0.0859375,0.109375
196,JC Buttler,1892,63,1804,1257,88,180,79,30.03174603174603,143.51630867143993,0.1431980906921241,0.06284805091487669
197,JD Ryder,630,29,604,466,26,69,19,21.724137931034484,129.6137339055794,0.148068669527897,0.0407725321888412
198,JD Unadkat,105,15,99,94,6,8,3,7.0,105.31914893617021,0.0851063829787234,0.031914893617021274
199,JDP Oram,110,11,106,110,4,6,5,10.0,96.36363636363636,0.05454545454545454,0.045454545454545456
200,JDS Neesham,64,6,61,64,3,3,2,10.666666666666666,95.3125,0.046875,0.03125
201,JE Taylor,4,2,3,4,1,0,0,2.0,75.0,0.0,0.0
202,JEC Franklin,342,16,327,309,15,25,9,21.375,105.8252427184466,0.08090614886731391,0.02912621359223301
203,JH Kallis,2567,95,2427,2291,140,255,44,27.021052631578947,105.93627237014404,0.11130510694020078,0.01920558707987778
204,JJ Bumrah,47,14,44,48,3,2,1,3.357142857142857,91.66666666666667,0.041666666666666664,0.020833333333333332
205,JJ Roy,187,8,179,139,8,18,8,23.375,128.77697841726618,0.12949640287769784,0.05755395683453238
206,JJ van der Wath,19,3,18,17,1,1,1,6.333333333333333,105.88235294117646,0.058823529411764705,0.058823529411764705
207,JL Denly,0,1,0,1,0,0,0,0.0,0.0,0.0,0.0
208,JL Pattinson,15,2,15,13,0,2,0,7.5,115.38461538461539,0.15384615384615385,0.0
209,JM Bairstow,1056,27,1008,734,48,95,45,39.111111111111114,137.32970027247956,0.12942779291553133,0.06130790190735695
210,JM Kemp,27,2,26,25,1,1,1,13.5,104.0,0.04,0.04
211,JO Holder,114,10,108,91,6,9,5,11.4,118.68131868131869,0.0989010989010989,0.054945054945054944
212,JP Duminy,2131,75,2029,1680,102,126,79,28.413333333333334,120.77380952380952,0.075,0.04702380952380952
213,JP Faulkner,554,46,527,406,27,36,23,12.043478260869565,129.80295566502463,0.08866995073891626,0.05665024630541872
214,JPR Scantlebury-Searles,8,2,8,6,0,0,1,4.0,133.33333333333334,0.0,0.16666666666666666
215,JR Hopes,433,19,417,314,16,49,11,22.789473684210527,132.80254777070064,0.15605095541401273,0.03503184713375796
216,JR Philippe,86,5,78,80,8,9,1,17.2,97.5,0.1125,0.0125
217,Jaskaran Singh,8,4,8,11,0,0,0,2.0,72.72727272727273,0.0,0.0
218,Joginder Sharma,36,5,36,30,0,1,2,7.2,120.0,0.03333333333333333,0.06666666666666667
219,K Goel,234,16,218,239,16,17,9,14.625,91.2133891213389,0.07112970711297072,0.03765690376569038
220,K Gowtham,191,19,186,113,5,13,12,10.052631578947368,164.60176991150442,0.11504424778761062,0.10619469026548672
221,K Rabada,143,14,134,139,9,10,4,10.214285714285714,96.40287769784173,0.07194244604316546,0.02877697841726619
222,K Upadhyay,12,2,12,9,0,0,1,6.0,133.33333333333334,0.0,0.1111111111111111
223,KA Jamieson,44,4,43,30,1,4,2,11.0,143.33333333333334,0.13333333333333333,0.06666666666666667
224,KA Pollard,3285,153,3113,2178,172,202,203,21.470588235294116,142.92929292929293,0.09274563820018365,0.09320477502295683
225,KAJ Roach,10,1,10,9,0,1,0,10.0,111.11111111111111,0.1111111111111111,0.0
226,KB Arun Karthik,64,8,51,53,13,4,1,8.0,96.22641509433963,0.07547169811320754,0.018867924528301886
227,KC Cariappa,24,5,24,21,0,0,2,4.8,114.28571428571429,0.0,0.09523809523809523
228,KC Sangakkara,1780,68,1687,1424,93,195,27,26.176470588235293,118.46910112359551,0.136938202247191,0.018960674157303372
229,KD Karthik,4110,184,3933,3106,177,389,108,22.33695652173913,126.62588538312943,0.12524146812620734,0.03477141017385705
230,KH Pandya,1084,62,1029,754,55,99,40,17.483870967741936,136.47214854111405,0.1312997347480106,0.05305039787798409
231,KJ Abbott,13,3,13,8,0,0,1,4.333333333333333,162.5,0.0,0.125
232,KK Ahmed,1,3,1,5,0,0,0,0.3333333333333333,20.0,0.0,0.0
233,KK Cooper,122,12,116,70,6,9,8,10.166666666666666,165.71428571428572,0.12857142857142856,0.11428571428571428
234,KK Nair,1533,66,1480,1174,53,160,39,23.227272727272727,126.06473594548552,0.1362862010221465,0.03321976149914821
235,KL Nagarkoti,23,7,22,34,1,1,0,3.2857142857142856,64.70588235294117,0.029411764705882353,0.0
236,KL Rahul,2994,80,2893,2184,101,254,115,37.425,132.46336996336996,0.1163003663003663,0.052655677655677656
237,KM Jadhav,1222,77,1162,961,60,101,39,15.87012987012987,120.91571279916754,0.10509885535900104,0.04058272632674298
238,KMA Paul,22,5,18,26,4,1,1,4.4,69.23076923076923,0.038461538461538464,0.038461538461538464
239,KMDN Kulasekara,6,1,5,3,1,1,0,6.0,166.66666666666666,0.3333333333333333,0.0
240,KP Appanna,3,3,2,4,1,0,0,1.0,50.0,0.0,0.0
241,KP Pietersen,1039,36,1001,758,38,91,40,28.86111111111111,132.0580474934037,0.12005277044854881,0.052770448548812667
242,KS Williamson,1791,56,1731,1309,60,150,55,31.982142857142858,132.2383498854087,0.11459129106187929,0.04201680672268908
243,KV Sharma,343,34,317,285,26,18,14,10.088235294117647,111.2280701754386,0.06315789473684211,0.04912280701754386
244,KW Richardson,36,4,36,39,0,2,1,9.0,92.3076923076923,0.05128205128205128,0.02564102564102564
245,Kamran Akmal,132,6,128,78,4,13,8,22.0,164.10256410256412,0.16666666666666666,0.10256410256410256
246,Kamran Khan,3,1,3,5,0,0,0,3.0,60.0,0.0,0.0
247,Karanveer Singh,12,4,12,17,0,1,0,3.0,70.58823529411765,0.058823529411764705,0.0
248,Kartik Tyagi,4,2,4,6,0,0,0,2.0,66.66666666666667,0.0,0.0
249,Kuldeep Yadav,59,10,57,76,2,5,0,5.9,75.0,0.06578947368421052,0.0
250,L Ablish,0,1,0,2,0,0,0,0.0,0.0,0.0,0.0
251,L Balaji,41,13,36,50,5,2,1,3.1538461538461537,72.0,0.04,0.02
252,L Ronchi,37,5,34,37,3,6,1,7.4,91.89189189189189,0.16216216216216217,0.02702702702702703
253,LA Carseldine,87,5,81,71,6,11,0,17.4,114.08450704225352,0.15492957746478872,0.0
254,LA Pomersbach,330,16,302,251,28,25,13,20.625,120.3187250996016,0.099601593625498,0.05179282868525897
255,LE Plunkett,1,2,1,3,0,0,0,0.5,33.333333333333336,0.0,0.0
256,LH Ferguson,45,3,44,30,1,4,1,15.0,146.66666666666666,0.13333333333333333,0.03333333333333333
257,LJ Wright,110,5,106,63,4,16,3,22.0,168.25396825396825,0.25396825396825395,0.047619047619047616
258,LMP Simmons,1127,29,1079,878,48,109,44,38.86206896551724,122.89293849658314,0.12414578587699317,0.05011389521640091
259,LPC Silva,43,3,40,27,3,5,1,14.333333333333334,148.14814814814815,0.18518518518518517,0.037037037037037035
260,LR Shukla,432,33,405,358,27,33,16,13.090909090909092,113.12849162011173,0.09217877094972067,0.0446927374301676
261,LRPL Taylor,1084,54,1017,847,67,66,46,20.074074074074073,120.07083825265643,0.07792207792207792,0.05430932703659976
262,LS Livingstone,72,4,70,48,2,6,5,18.0,145.83333333333334,0.125,0.10416666666666667
263,Lalit Yadav,60,3,54,57,6,6,0,20.0,94.73684210526316,0.10526315789473684,0.0
264,M Ashwin,23,8,23,36,0,1,0,2.875,63.888888888888886,0.027777777777777776,0.0
265,M Jansen,1,2,0,4,1,0,0,0.5,0.0,0.0,0.0
266,M Kaif,280,22,259,258,21,22,6,12.727272727272727,100.3875968992248,0.08527131782945736,0.023255813953488372
267,M Kartik,119,14,113,109,6,7,1,8.5,103.6697247706422,0.06422018348623854,0.009174311926605505
268,M Klinger,77,4,73,78,4,9,0,19.25,93.58974358974359,0.11538461538461539,0.0
269,M Manhas,544,38,514,486,30,43,10,14.31578947368421,105.76131687242798,0.08847736625514403,0.0205761316872428
270,M Markande,31,7,27,30,4,3,0,4.428571428571429,90.0,0.1,0.0
271,M Morkel,130,20,126,93,4,11,5,6.5,135.48387096774192,0.11827956989247312,0.053763440860215055
272,M Muralitharan,22,9,20,30,2,1,0,2.4444444444444446,66.66666666666667,0.03333333333333333,0.0
273,M Ntini,12,2,11,19,1,2,0,6.0,57.89473684210526,0.10526315789473684,0.0
274,M Prasidh Krishna,3,5,3,12,0,0,0,0.6,25.0,0.0,0.0
275,M Rawat,59,11,55,70,4,4,1,5.363636363636363,78.57142857142857,0.05714285714285714,0.014285714285714285
276,M Shahrukh Khan,107,5,103,79,4,7,6,21.4,130.37974683544303,0.08860759493670886,0.0759493670886076
277,M Vijay,2749,105,2619,2208,130,247,91,26.18095238095238,118.61413043478261,0.1118659420289855,0.04121376811594203
278,M Vohra,1111,49,1054,840,57,102,41,22.6734693877551,125.47619047619048,0.12142857142857143,0.04880952380952381
279,M de Lange,1,1,1,2,0,0,0,1.0,50.0,0.0,0.0
280,MA Agarwal,1951,90,1859,1441,92,179,74,21.677777777777777,129.00763358778627,0.12421929215822346,0.05135322692574601
281,MA Khote,27,3,24,22,3,2,1,9.0,109.0909090909091,0.09090909090909091,0.045454545454545456
282,MA Starc,107,11,96,98,11,10,0,9.727272727272727,97.95918367346938,0.10204081632653061,0.0
283,MA Wood,3,1,1,5,2,0,0,3.0,20.0,0.0,0.0
284,MC Henriques,1019,52,985,789,34,87,27,19.596153846153847,124.84157160963245,0.11026615969581749,0.034220532319391636
285,MC Juneja,138,7,125,134,13,11,1,19.714285714285715,93.28358208955224,0.08208955223880597,0.007462686567164179
286,MD Mishra,254,17,237,213,17,24,8,14.941176470588236,111.26760563380282,0.11267605633802817,0.03755868544600939
287,MDKJ Perera,15,2,14,13,1,3,0,7.5,107.6923076923077,0.23076923076923078,0.0
288,MEK Hussey,2064,58,1977,1648,87,198,52,35.58620689655172,119.9635922330097,0.12014563106796117,0.03155339805825243
289,MF Maharoof,181,14,177,124,4,12,9,12.928571428571429,142.74193548387098,0.0967741935483871,0.07258064516129033
290,MG Johnson,183,28,167,168,16,10,7,6.535714285714286,99.4047619047619,0.05952380952380952,0.041666666666666664
291,MJ Clarke,104,6,98,96,6,12,0,17.333333333333332,102.08333333333333,0.125,0.0
292,MJ Guptill,276,14,271,197,5,24,15,19.714285714285715,137.56345177664974,0.1218274111675127,0.07614213197969544
293,MJ Lumb,297,12,278,198,19,45,6,24.75,140.40404040404042,0.22727272727272727,0.030303030303030304
294,MJ McClenaghan,92,20,85,73,7,5,7,4.6,116.43835616438356,0.0684931506849315,0.0958904109589041
295,MJ Santner,35,2,32,25,3,0,3,17.5,128.0,0.0,0.12
296,MK Lomror,89,6,87,78,2,5,3,14.833333333333334,111.53846153846153,0.0641025641025641,0.038461538461538464
297,MK Pandey,3596,140,3439,2919,157,297,100,25.685714285714287,117.81431997259335,0.10174717368961973,0.0342583076396026
298,MK Tiwary,1777,83,1695,1489,82,156,40,21.40963855421687,113.83478844862324,0.10476830087306917,0.026863666890530557
299,ML Hayden,1205,33,1107,839,98,121,44,36.515151515151516,131.94278903456495,0.14421930870083433,0.052443384982121574
300,MM Ali,485,22,457,299,28,38,30,22.045454545454547,152.8428093645485,0.12709030100334448,0.10033444816053512
301,MM Patel,40,12,39,41,1,5,0,3.3333333333333335,95.1219512195122,0.12195121951219512,0.0
302,MM Sharma,127,25,122,120,5,9,4,5.08,101.66666666666667,0.075,0.03333333333333333
303,MN Samuels,174,14,161,174,13,9,7,12.428571428571429,92.52873563218391,0.05172413793103448,0.040229885057471264
304,MN van Wyk,175,5,167,135,8,19,1,35.0,123.70370370370371,0.14074074074074075,0.007407407407407408
305,MP Stoinis,933,47,890,670,43,74,35,19.851063829787233,132.83582089552237,0.11044776119402985,0.05223880597014925
306,MR Marsh,234,15,225,202,9,9,14,15.6,111.38613861386139,0.04455445544554455,0.06930693069306931
307,MS Bisla,894,39,798,737,96,93,23,22.923076923076923,108.27679782903664,0.12618724559023067,0.031207598371777476
308,MS Dhoni,4894,186,4669,3525,225,317,217,26.311827956989248,132.45390070921985,0.0899290780141844,0.061560283687943265
309,MS Gony,106,15,99,76,7,6,8,7.066666666666666,130.26315789473685,0.07894736842105263,0.10526315789473684
310,MS Wade,23,3,22,33,1,0,0,7.666666666666667,66.66666666666667,0.0,0.0
311,MV Boucher,416,23,394,318,22,32,13,18.08695652173913,123.8993710691824,0.10062893081761007,0.040880503144654086
312,Mandeep Singh,1727,90,1659,1364,68,170,37,19.18888888888889,121.62756598240469,0.12463343108504399,0.027126099706744868
313,Mashrafe Mortaza,2,1,2,2,0,0,0,2.0,100.0,0.0,0.0
314,Misbah-ul-Haq,124,8,117,82,7,10,6,15.5,142.6829268292683,0.12195121951219512,0.07317073170731707
315,Mohammad Ashraful,5,1,2,12,3,0,0,5.0,16.666666666666668,0.0,0.0
316,Mohammad Asif,3,2,3,6,0,0,0,1.5,50.0,0.0,0.0
317,Mohammad Hafeez,69,8,64,84,5,7,2,8.625,76.19047619047619,0.08333333333333333,0.023809523809523808
318,Mohammad Nabi,175,13,166,117,9,15,8,13.461538461538462,141.8803418803419,0.1282051282051282,0.06837606837606838
319,Mohammed Shami,72,21,69,74,3,5,2,3.4285714285714284,93.24324324324324,0.06756756756756757,0.02702702702702703
320,Mohammed Siraj,65,11,58,67,7,4,2,5.909090909090909,86.56716417910448,0.05970149253731343,0.029850746268656716
321,Mujeeb Ur Rahman,14,6,12,15,2,2,0,2.3333333333333335,80.0,0.13333333333333333,0.0
322,Mustafizur Rahman,1,2,1,7,0,0,0,0.5,14.285714285714286,0.0,0.0
323,N Jagadeesan,35,2,33,31,2,4,0,17.5,106.45161290322581,0.12903225806451613,0.0
324,N Pooran,567,26,549,355,18,35,40,21.807692307692307,154.64788732394365,0.09859154929577464,0.11267605633802817
325,N Rana,1687,61,1623,1249,64,147,80,27.65573770491803,129.9439551641313,0.1176941553242594,0.06405124099279423
326,N Saini,145,10,140,143,5,16,0,14.5,97.9020979020979,0.11188811188811189,0.0
327,NA Saini,33,6,31,36,2,3,0,5.5,86.11111111111111,0.08333333333333333,0.0
328,ND Doshi,0,1,0,13,0,0,0,0.0,0.0,0.0,0.0
329,NJ Maddinson,20,3,20,21,0,4,0,6.666666666666667,95.23809523809524,0.19047619047619047,0.0
330,NJ Rimmington,1,1,1,1,0,0,0,1.0,100.0,0.0,0.0
331,NL McCullum,28,2,26,23,2,0,1,14.0,113.04347826086956,0.0,0.043478260869565216
332,NLTC Perera,461,31,424,326,37,23,26,14.870967741935484,130.06134969325154,0.0705521472392638,0.07975460122699386
333,NM Coulter-Nile,80,13,77,68,3,7,4,6.153846153846154,113.23529411764706,0.10294117647058823,0.058823529411764705
334,NS Naik,36,4,31,53,5,2,0,9.0,58.490566037735846,0.03773584905660377,0.0
335,NV Ojha,1644,94,1554,1360,90,121,79,17.48936170212766,114.26470588235294,0.08897058823529412,0.05808823529411765
336,Niraj Patel,131,6,121,124,10,14,1,21.833333333333332,97.58064516129032,0.11290322580645161,0.008064516129032258
337,OA Shah,550,22,506,405,44,34,23,25.0,124.93827160493827,0.08395061728395062,0.056790123456790124
338,P Awana,5,5,5,14,0,0,0,1.0,35.714285714285715,0.0,0.0
339,P Chopra,8,1,8,6,0,2,0,8.0,133.33333333333334,0.3333333333333333,0.0
340,P Dogra,131,12,127,141,4,4,5,10.916666666666666,90.0709219858156,0.028368794326241134,0.03546099290780142
341,P Dubey,8,1,7,13,1,0,0,8.0,53.84615384615385,0.0,0.0
342,P Kumar,363,57,340,323,23,22,17,6.368421052631579,105.26315789473684,0.06811145510835913,0.05263157894736842
343,P Negi,392,35,365,301,27,27,16,11.2,121.2624584717608,0.08970099667774087,0.053156146179401995
344,P Parameswaran,2,2,1,3,1,0,0,1.0,33.333333333333336,0.0,0.0
345,P Ray Barman,20,1,19,25,1,2,0,20.0,76.0,0.08,0.0
346,P Sahu,19,2,19,13,0,1,1,9.5,146.15384615384616,0.07692307692307693,0.07692307692307693
347,P Simran Singh,32,3,31,33,1,3,1,10.666666666666666,93.93939393939394,0.09090909090909091,0.030303030303030304
348,PA Patel,3041,136,2848,2442,193,365,49,22.360294117647058,116.62571662571662,0.14946764946764945,0.020065520065520065
349,PA Reddy,172,10,164,167,8,15,2,17.2,98.20359281437126,0.08982035928143713,0.011976047904191617
350,PC Valthaty,539,23,505,432,34,61,20,23.434782608695652,116.89814814814815,0.1412037037037037,0.046296296296296294
351,PD Collingwood,213,7,203,159,10,9,13,30.428571428571427,127.67295597484276,0.05660377358490566,0.08176100628930817
352,PJ Cummins,324,23,305,222,19,18,20,14.08695652173913,137.38738738738738,0.08108108108108109,0.09009009009009009
353,PJ Sangwan,31,13,24,41,7,1,0,2.3846153846153846,58.53658536585366,0.024390243902439025,0.0
354,PK Garg,142,10,133,116,9,9,4,14.2,114.65517241379311,0.07758620689655173,0.034482758620689655
355,PM Sarvesh Kumar,1,1,1,2,0,0,0,1.0,50.0,0.0,0.0
356,PP Chawla,620,75,584,541,36,54,18,8.266666666666667,107.94824399260628,0.09981515711645102,0.033271719038817
357,PP Ojha,22,19,16,45,6,0,0,1.1578947368421053,35.55555555555556,0.0,0.0
358,PP Shaw,1042,44,1013,728,29,122,33,23.681818181818183,139.14835164835165,0.16758241758241757,0.04532967032967033
359,PR Shah,104,9,92,97,12,9,2,11.555555555555555,94.84536082474227,0.09278350515463918,0.020618556701030927
360,PSP Handscomb,6,1,6,12,0,0,0,6.0,50.0,0.0,0.0
361,PV Tambe,20,6,18,39,2,1,0,3.3333333333333335,46.15384615384615,0.02564102564102564,0.0
362,Pankaj Singh,7,5,7,12,0,0,0,1.4,58.333333333333336,0.0,0.0
363,Parvez Rasool,18,4,17,20,1,1,0,4.5,85.0,0.05,0.0
364,Q de Kock,2102,71,2009,1557,93,206,76,29.6056338028169,129.03018625561978,0.13230571612074501,0.048811817597944764
365,R Ashwin,440,56,419,389,21,36,11,7.857142857142857,107.7120822622108,0.09254498714652956,0.028277634961439587
366,R Bhatia,356,47,342,290,14,24,13,7.574468085106383,117.93103448275862,0.08275862068965517,0.04482758620689655
367,R Bishnoi,19,3,19,17,0,1,2,6.333333333333333,111.76470588235294,0.058823529411764705,0.11764705882352941
368,R Dhawan,159,16,153,135,6,13,4,9.9375,113.33333333333333,0.0962962962962963,0.02962962962962963
369,R Dravid,2270,82,2174,1918,96,269,28,27.682926829268293,113.34723670490094,0.1402502606882169,0.014598540145985401
370,R McLaren,172,13,159,178,13,14,1,13.23076923076923,89.32584269662921,0.07865168539325842,0.0056179775280898875
371,R Ninan,4,1,3,6,1,0,0,4.0,50.0,0.0,0.0
372,R Parag,315,17,301,254,14,28,11,18.529411764705884,118.50393700787401,0.11023622047244094,0.04330708661417323
373,R Rampaul,56,7,51,52,5,3,2,8.0,98.07692307692308,0.057692307692307696,0.038461538461538464
374,R Sathish,288,24,270,236,18,22,6,12.0,114.40677966101696,0.09322033898305085,0.025423728813559324
375,R Sharma,71,19,66,77,5,5,3,3.736842105263158,85.71428571428571,0.06493506493506493,0.03896103896103896
376,R Shukla,19,4,19,23,0,2,0,4.75,82.6086956521739,0.08695652173913043,0.0
377,R Tewatia,478,28,452,351,26,30,24,17.071428571428573,128.77492877492878,0.08547008547008547,0.06837606837606838
378,R Vinay Kumar,338,42,310,289,28,21,9,8.047619047619047,107.26643598615917,0.0726643598615917,0.031141868512110725
379,RA Jadeja,2402,141,2268,1835,134,166,82,17.0354609929078,123.59673024523161,0.09046321525885559,0.0446866485013624
380,RA Tripathi,1205,50,1156,877,49,114,41,24.1,131.81299885974914,0.12998859749144812,0.046750285062713795
381,RD Chahar,31,8,31,30,0,3,0,3.875,103.33333333333333,0.1,0.0
382,RD Gaikwad,419,12,396,324,23,40,11,34.916666666666664,122.22222222222223,0.12345679012345678,0.033950617283950615
383,RE Levi,89,6,83,74,6,10,4,14.833333333333334,112.16216216216216,0.13513513513513514,0.05405405405405406
384,RE van der Merwe,170,15,159,144,11,11,8,11.333333333333334,110.41666666666667,0.0763888888888889,0.05555555555555555
385,RG More,2,1,2,2,0,0,0,2.0,100.0,0.0,0.0
386,RG Sharma,5606,200,5433,4246,173,472,223,28.03,127.95572303344323,0.11116344795101271,0.05252001884126237
387,RJ Harris,119,21,117,112,2,6,3,5.666666666666667,104.46428571428571,0.05357142857142857,0.026785714285714284
388,RJ Peterson,37,5,32,32,5,3,1,7.4,100.0,0.09375,0.03125
389,RJ Quiney,114,7,103,105,11,12,3,16.285714285714285,98.0952380952381,0.11428571428571428,0.02857142857142857
390,RK Bhui,8,2,7,18,1,0,0,4.0,38.888888888888886,0.0,0.0
391,RK Singh,84,8,77,79,7,6,2,10.5,97.46835443037975,0.0759493670886076,0.02531645569620253
392,RM Patidar,41,3,40,33,1,1,2,13.666666666666666,121.21212121212122,0.030303030303030304,0.06060606060606061
393,RN ten Doeschate,338,21,326,238,12,26,15,16.095238095238095,136.9747899159664,0.1092436974789916,0.06302521008403361
394,RP Singh,59,28,52,78,7,2,1,2.107142857142857,66.66666666666667,0.02564102564102564,0.01282051282051282
395,RR Bhatkal,0,1,0,2,0,0,0,0.0,0.0,0.0,0.0
396,RR Pant,2374,77,2275,1576,99,207,105,30.83116883116883,144.35279187817258,0.1313451776649746,0.06662436548223351
397,RR Powar,68,9,67,64,1,6,1,7.555555555555555,104.6875,0.09375,0.015625
398,RR Raje,20,5,20,18,0,1,1,4.0,111.11111111111111,0.05555555555555555,0.05555555555555555
399,RR Rossouw,54,5,53,51,1,3,3,10.8,103.92156862745098,0.058823529411764705,0.058823529411764705
400,RR Sarwan,77,4,73,78,4,6,1,19.25,93.58974358974359,0.07692307692307693,0.01282051282051282
401,RS Bopara,557,22,531,468,26,39,16,25.318181818181817,113.46153846153847,0.08333333333333333,0.03418803418803419
402,RS Gavaskar,2,1,2,8,0,0,0,2.0,25.0,0.0,0.0
403,RS Sodhi,4,1,4,2,0,1,0,4.0,200.0,0.5,0.0
404,RT Ponting,104,9,91,129,13,5,2,11.555555555555555,70.54263565891473,0.03875968992248062,0.015503875968992248
405,RV Gomez,60,9,50,53,10,5,1,6.666666666666667,94.33962264150944,0.09433962264150944,0.018867924528301886
406,RV Uthappa,4880,183,4609,3660,271,454,163,26.666666666666668,125.92896174863388,0.12404371584699453,0.04453551912568306
407,Rashid Khan,171,26,156,110,15,9,12,6.576923076923077,141.8181818181818,0.08181818181818182,0.10909090909090909
408,Rasikh Salam,5,1,5,4,0,0,0,5.0,125.0,0.0,0.0
409,Ravi Bishnoi,9,3,8,17,1,1,0,3.0,47.05882352941177,0.058823529411764705,0.0
410,S Anirudha,164,12,136,121,28,9,7,13.666666666666666,112.39669421487604,0.0743801652892562,0.05785123966942149
411,S Aravind,64,10,59,59,5,7,0,6.4,100.0,0.11864406779661017,0.0
412,S Badree,15,5,13,25,2,0,0,3.0,52.0,0.0,0.0
413,S Badrinath,1515,65,1441,1245,74,154,28,23.307692307692307,115.7429718875502,0.12369477911646587,0.02248995983935743
414,S Chanderpaul,27,3,25,33,2,4,0,9.0,75.75757575757575,0.12121212121212122,0.0
415,S Dhawan,5730,182,5462,4402,268,624,114,31.483516483516482,124.07996365288506,0.141753748296229,0.025897319400272602
416,S Dube,297,18,279,241,18,18,15,16.5,115.76763485477179,0.07468879668049792,0.06224066390041494
417,S Gopal,177,20,171,165,6,17,2,8.85,103.63636363636364,0.10303030303030303,0.012121212121212121
418,S Kaul,12,7,12,28,0,0,0,1.7142857142857142,42.857142857142854,0.0,0.0
419,S Kaushik,0,1,0,1,0,0,0,0.0,0.0,0.0,0.0
420,S Ladda,1,2,0,10,1,0,0,0.5,0.0,0.0,0.0
421,S Lamichhane,0,1,0,1,0,0,0,0.0,0.0,0.0,0.0
422,S Nadeem,46,20,39,88,7,2,0,2.3,44.31818181818182,0.022727272727272728,0.0
423,S Narwal,39,4,37,29,2,6,0,9.75,127.58620689655173,0.20689655172413793,0.0
424,S Rana,96,8,91,82,5,9,1,12.0,110.97560975609755,0.10975609756097561,0.012195121951219513
425,S Randiv,2,1,2,4,0,0,0,2.0,50.0,0.0,0.0
426,S Sohal,400,20,368,311,32,34,18,20.0,118.32797427652733,0.10932475884244373,0.05787781350482315
427,S Sreesanth,44,12,34,57,10,6,0,3.6666666666666665,59.64912280701754,0.10526315789473684,0.0
428,S Sriram,39,2,31,38,8,3,0,19.5,81.57894736842105,0.07894736842105263,0.0
429,S Tyagi,3,1,3,4,0,0,0,3.0,75.0,0.0,0.0
430,S Vidyut,156,8,145,115,11,21,3,19.5,126.08695652173913,0.1826086956521739,0.02608695652173913
431,SA Abbott,16,2,15,13,1,1,1,8.0,115.38461538461539,0.07692307692307693,0.07692307692307693
432,SA Asnodkar,462,19,423,352,39,56,10,24.31578947368421,120.17045454545455,0.1590909090909091,0.028409090909090908
433,SA Yadav,2254,92,2178,1647,76,240,63,24.5,132.24043715846994,0.14571948998178508,0.03825136612021858
434,SB Bangar,53,7,49,58,4,1,3,7.571428571428571,84.48275862068965,0.017241379310344827,0.05172413793103448
435,SB Jakati,29,5,28,30,1,3,0,5.8,93.33333333333333,0.1,0.0
436,SB Joshi,8,2,6,16,2,0,0,4.0,37.5,0.0,0.0
437,SB Styris,139,10,131,134,8,10,3,13.9,97.76119402985074,0.07462686567164178,0.022388059701492536
438,SB Wagh,2,2,2,3,0,0,0,1.0,66.66666666666667,0.0,0.0
439,SC Ganguly,1464,56,1349,1326,115,137,42,26.142857142857142,101.73453996983409,0.1033182503770739,0.03167420814479638
440,SD Chitnis,104,8,99,92,5,10,2,13.0,107.6086956521739,0.10869565217391304,0.021739130434782608
441,SD Lad,15,1,15,13,0,1,1,15.0,115.38461538461539,0.07692307692307693,0.07692307692307693
442,SE Bond,1,1,1,2,0,0,0,1.0,50.0,0.0,0.0
443,SE Marsh,2612,70,2489,1913,123,269,78,37.31428571428572,130.10977522216413,0.14061683220073184,0.04077365394668061
444,SE Rutherford,82,7,73,55,9,2,7,11.714285714285714,132.72727272727272,0.03636363636363636,0.12727272727272726
445,SJ Srivastava,5,4,5,5,0,0,0,1.25,100.0,0.0,0.0
446,SK Raina,5738,195,5497,4140,241,502,203,29.425641025641024,132.77777777777777,0.121256038647343,0.04903381642512077
447,SK Trivedi,47,14,42,61,5,3,1,3.357142857142857,68.85245901639344,0.04918032786885246,0.01639344262295082
448,SK Warne,210,27,198,219,12,14,6,7.777777777777778,90.41095890410959,0.0639269406392694,0.0273972602739726
449,SL Malinga,95,20,88,103,7,6,5,4.75,85.4368932038835,0.05825242718446602,0.04854368932038835
450,SM Curran,340,22,333,226,7,30,18,15.454545454545455,147.34513274336283,0.13274336283185842,0.07964601769911504
451,SM Harwood,13,2,9,14,4,0,0,6.5,64.28571428571429,0.0,0.0
452,SM Katich,254,11,241,191,13,26,8,23.09090909090909,126.17801047120419,0.13612565445026178,0.041884816753926704
453,SM Pollock,154,8,147,116,7,12,8,19.25,126.72413793103448,0.10344827586206896,0.06896551724137931
454,SMSM Senanayake,11,4,10,17,1,0,0,2.75,58.8235294117647,0.0,0.0
455,SN Khan,454,25,441,321,13,50,11,18.16,137.38317757009347,0.1557632398753894,0.03426791277258567
456,SN Thakur,50,10,49,43,1,5,1,5.0,113.95348837209302,0.11627906976744186,0.023255813953488372
457,SO Hetmyer,353,19,343,239,10,19,23,18.57894736842105,143.51464435146443,0.0794979079497908,0.09623430962343096
458,SP Fleming,209,10,196,171,13,27,3,20.9,114.61988304093568,0.15789473684210525,0.017543859649122806
459,SP Goswami,312,21,293,307,19,32,3,14.857142857142858,95.43973941368078,0.10423452768729642,0.009771986970684038
460,SP Jackson,38,3,38,31,0,5,0,12.666666666666666,122.58064516129032,0.16129032258064516,0.0
461,SP Narine,971,66,902,588,69,105,52,14.712121212121213,153.40136054421768,0.17857142857142858,0.08843537414965986
462,SPD Smith,2528,92,2423,1935,105,221,59,27.47826086956522,125.21963824289406,0.11421188630490955,0.03049095607235142
463,SR Tendulkar,2537,78,2334,2044,203,296,29,32.52564102564103,114.18786692759295,0.14481409001956946,0.014187866927592954
464,SR Watson,4042,143,3880,2892,162,377,190,28.265734265734267,134.16320885200554,0.13035961272475796,0.0656984785615491
465,SS Cottrell,0,1,0,2,0,0,0,0.0,0.0,0.0,0.0
466,SS Iyer,2294,79,2204,1804,90,190,83,29.037974683544302,122.1729490022173,0.10532150776053215,0.046008869179600884
467,SS Shaikh,6,1,6,7,0,1,0,6.0,85.71428571428571,0.14285714285714285,0.0
468,SS Tiwary,1460,69,1379,1192,81,101,48,21.159420289855074,115.68791946308725,0.08473154362416108,0.040268456375838924
469,ST Jayasuriya,843,30,768,573,75,84,39,28.1,134.03141361256544,0.14659685863874344,0.06806282722513089
470,STR Binny,923,66,880,700,43,66,35,13.984848484848484,125.71428571428571,0.09428571428571429,0.05
471,SV Samson,2864,107,2771,2107,93,208,124,26.766355140186917,131.5140009492169,0.09871855719031798,0.05885144755576649
472,SW Billings,352,19,334,256,18,31,10,18.526315789473685,130.46875,0.12109375,0.0390625
473,SW Tait,23,5,23,26,0,1,1,4.6,88.46153846153847,0.038461538461538464,0.038461538461538464
474,Sachin Baby,145,10,137,106,8,11,5,14.5,129.24528301886792,0.10377358490566038,0.04716981132075472
475,Salman Butt,211,7,193,172,18,30,2,30.142857142857142,112.20930232558139,0.1744186046511628,0.011627906976744186
476,Sandeep Sharma,49,21,44,59,5,3,0,2.3333333333333335,74.57627118644068,0.05084745762711865,0.0
477,Shahbaz Ahmed,18,3,16,14,2,0,1,6.0,114.28571428571429,0.0,0.07142857142857142
478,Shahid Afridi,82,9,81,46,1,7,6,9.11111111111111,176.08695652173913,0.15217391304347827,0.13043478260869565
479,Shakib Al Hasan,840,50,786,655,54,72,21,16.8,120.0,0.1099236641221374,0.03206106870229008
480,Shivam Mavi,29,7,28,36,1,3,0,4.142857142857143,77.77777777777777,0.08333333333333333,0.0
481,Shivam Sharma,5,2,5,3,0,1,0,2.5,166.66666666666666,0.3333333333333333,0.0
482,Shoaib Ahmed,1,3,1,6,0,0,0,0.3333333333333333,16.666666666666668,0.0,0.0
483,Shoaib Akhtar,3,1,2,8,1,0,0,3.0,25.0,0.0,0.0
484,Shoaib Malik,57,5,52,49,5,5,0,11.4,106.12244897959184,0.10204081632653061,0.0
485,Shubman Gill,1057,43,1028,841,29,98,28,24.58139534883721,122.23543400713436,0.11652794292508918,0.03329369797859691
486,Sohail Tanvir,40,5,36,31,4,3,1,8.0,116.12903225806451,0.0967741935483871,0.03225806451612903
487,Sunny Gupta,0,1,0,1,0,0,0,0.0,0.0,0.0,0.0
488,Sunny Singh,44,5,43,31,1,6,1,8.8,138.70967741935485,0.1935483870967742,0.03225806451612903
489,Swapnil Singh,12,3,12,20,0,0,0,4.0,60.0,0.0,0.0
490,T Banton,20,2,18,22,2,1,1,10.0,81.81818181818181,0.045454545454545456,0.045454545454545456
491,T Henderson,12,2,11,16,1,0,1,6.0,68.75,0.0,0.0625
492,T Kohli,12,3,11,20,1,0,1,4.0,55.0,0.0,0.05
493,T Natarajan,3,2,3,5,0,0,0,1.5,60.0,0.0,0.0
494,T Taibu,31,3,31,26,0,3,0,10.333333333333334,119.23076923076923,0.11538461538461539,0.0
495,T Thushara,13,4,12,19,1,0,0,3.25,63.1578947368421,0.0,0.0
496,TA Boult,13,6,13,16,0,0,1,2.1666666666666665,81.25,0.0,0.0625
497,TD Paine,15,2,10,29,5,0,0,7.5,34.48275862068966,0.0,0.0
498,TG Southee,118,13,115,91,3,8,4,9.076923076923077,126.37362637362638,0.08791208791208792,0.04395604395604396
499,TK Curran,130,9,127,107,3,10,3,14.444444444444445,118.69158878504673,0.09345794392523364,0.028037383177570093
500,TL Suman,701,39,676,587,25,55,26,17.974358974358974,115.1618398637138,0.09369676320272573,0.044293015332197615
501,TM Dilshan,1251,50,1153,1047,98,140,24,25.02,110.12416427889207,0.13371537726838587,0.022922636103151862
502,TM Head,214,10,205,151,9,12,8,21.4,135.76158940397352,0.07947019867549669,0.052980132450331126
503,TM Srivastava,8,3,8,11,0,0,0,2.6666666666666665,72.72727272727273,0.0,0.0
504,TR Birt,79,5,75,59,4,9,2,15.8,127.11864406779661,0.15254237288135594,0.03389830508474576
505,TS Mills,9,3,8,11,1,0,1,3.0,72.72727272727273,0.0,0.09090909090909091
506,TU Deshpande,21,2,21,12,0,2,1,10.5,175.0,0.16666666666666666,0.08333333333333333
507,U Kaul,0,1,0,1,0,0,0,0.0,0.0,0.0,0.0
508,UA Birla,9,1,7,15,2,1,0,9.0,46.666666666666664,0.06666666666666667,0.0
509,UBT Chand,327,20,300,314,27,32,9,16.35,95.54140127388536,0.10191082802547771,0.028662420382165606
510,UT Khawaja,134,6,127,105,7,14,3,22.333333333333332,120.95238095238095,0.13333333333333333,0.02857142857142857
511,UT Yadav,132,34,122,135,10,11,4,3.8823529411764706,90.37037037037037,0.08148148148148149,0.02962962962962963
512,Umar Gul,44,4,39,19,5,1,5,11.0,205.26315789473685,0.05263157894736842,0.2631578947368421
513,V Kohli,6260,192,6051,4745,209,524,205,32.604166666666664,127.52370916754478,0.11043203371970495,0.04320337197049526
514,V Pratap Singh,0,1,0,1,0,0,0,0.0,0.0,0.0,0.0
515,V Sehwag,2915,104,2728,1833,187,334,106,28.028846153846153,148.82705946535734,0.18221494817239497,0.05782869612656847
516,V Shankar,732,36,704,572,28,44,28,20.333333333333332,123.07692307692308,0.07692307692307693,0.04895104895104895
517,VH Zol,29,2,29,26,0,3,1,14.5,111.53846153846153,0.11538461538461539,0.038461538461538464
518,VR Aaron,52,12,50,73,2,2,2,4.333333333333333,68.4931506849315,0.0273972602739726,0.0273972602739726
519,VRV Singh,5,2,4,3,1,1,0,2.5,133.33333333333334,0.3333333333333333,0.0
520,VS Malik,9,2,7,7,2,1,0,4.5,100.0,0.14285714285714285,0.0
521,VS Yeligati,2,1,2,2,0,0,0,2.0,100.0,0.0,0.0
522,VVS Laxman,296,20,282,271,14,33,5,14.8,104.0590405904059,0.12177121771217712,0.01845018450184502
523,VY Mahesh,21,5,15,28,6,0,0,4.2,53.57142857142857,0.0,0.0
524,Virat Singh,16,2,15,26,1,1,0,8.0,57.69230769230769,0.038461538461538464,0.0
525,Vishnu Vinod,19,3,19,26,0,1,1,6.333333333333333,73.07692307692308,0.038461538461538464,0.038461538461538464
526,W Jaffer,139,8,130,129,9,14,3,17.375,100.7751937984496,0.10852713178294573,0.023255813953488372
527,WA Mota,63,8,56,76,7,2,0,7.875,73.6842105263158,0.02631578947368421,0.0
528,WD Parnell,74,12,63,80,11,4,1,6.166666666666667,78.75,0.05,0.0125
529,WP Saha,2086,99,1987,1556,99,184,65,21.07070707070707,127.69922879177378,0.11825192802056556,0.04177377892030849
530,WPUJC Vaas,84,11,81,73,3,2,3,7.636363636363637,110.95890410958904,0.0273972602739726,0.0410958904109589
531,Washington Sundar,236,25,217,202,19,17,6,9.44,107.42574257425743,0.08415841584158416,0.0297029702970297
532,X Thalaivan Sargunam,10,1,10,17,0,0,0,10.0,58.8235294117647,0.0,0.0
533,Y Gnaneswara Rao,20,1,19,18,1,3,0,20.0,105.55555555555556,0.16666666666666666,0.0
534,Y Nagar,309,20,285,271,24,20,9,15.45,105.1660516605166,0.07380073800738007,0.033210332103321034
535,Y Prithvi Raj,0,1,0,1,0,0,0,0.0,0.0,0.0,0.0
536,Y Venugopal Rao,1051,52,985,865,66,77,37,20.21153846153846,113.8728323699422,0.08901734104046242,0.04277456647398844
537,YA Abdulla,1,1,0,1,1,0,0,1.0,0.0,0.0,0.0
538,YBK Jaiswal,62,4,62,61,0,7,2,15.5,101.63934426229508,0.11475409836065574,0.03278688524590164
539,YK Pathan,3385,154,3222,2334,163,263,161,21.98051948051948,138.04627249357327,0.11268209083119109,0.0689802913453299
540,YS Chahal,35,15,30,75,5,0,0,2.3333333333333335,40.0,0.0,0.0
541,YV Takawale,207,10,192,183,15,26,3,20.7,104.91803278688525,0.14207650273224043,0.01639344262295082
542,Yashpal Singh,49,4,47,67,2,5,0,12.25,70.14925373134328,0.07462686567164178,0.0
543,Younis Khan,3,1,3,7,0,0,0,3.0,42.857142857142854,0.0,0.0
544,Yuvraj Singh,2884,127,2754,2207,130,218,149,22.708661417322833,124.78477571363842,0.09877661984594473,0.06751246035342093
545,Z Khan,121,27,117,141,4,11,2,4.481481481481482,82.97872340425532,0.07801418439716312,0.014184397163120567
